"Treatment","Month","Tmin","Tmax","Year","SSP_Time","month_name"
NA,6,11.7033333333333,20.1166666666667,1979,"Past combined","June"
NA,6,10.5433333333333,17.7066666666667,1988,"Past combined","June"
NA,6,9.19666666666667,16.95,1991,"Past combined","June"
NA,6,7.87500375833333,20.63,1962,"Past combined","June"
NA,6,10.9,29.4966666666667,2003,"Past combined","June"
31,6,12.3844594252873,25.936487183908,31,"Past combined","June"
NA,6,12.7133333333333,22.28,2007,"Past combined","June"
NA,7,12.3,18.3935483870968,1965,"Past combined","July"
NA,7,10.3516129032258,19.5354838709677,1978,"Past combined","July"
NA,7,10.3709677419355,21.6935483870968,2000,"Past combined","July"
NA,7,10.9483870967742,24.5354838709677,2004,"Past combined","July"
NA,7,11.7774193548387,27.5354838709677,2001,"Past combined","July"
NA,7,13.9806451612903,31.1161290322581,2006,"Past combined","July"
NA,7,15.3225806451613,27.641935483871,1994,"Past combined","July"
NA,8,12.1,19.8387096774194,1987,"Past combined","August"
NA,8,11.5838709677419,19.4870967741935,1977,"Past combined","August"
NA,8,10.8645161290323,19.7129032258065,1978,"Past combined","August"
NA,8,10.7709677419355,19.8193548387097,1979,"Past combined","August"
NA,8,9.96451612903226,21.9064516129032,1993,"Past combined","August"
NA,8,10.0129032258065,23.4032258064516,2005,"Past combined","August"
NA,8,11.8548387096774,29.5032258064516,2003,"Past combined","August"
NA,8,14.2387096774194,26.3032258064516,1997,"Past combined","August"
NA,8,13.8903225806452,23.0645161290323,1992,"Past combined","August"
NA,9,11.0166666666667,18.0933333333333,1998,"Past combined","September"
NA,9,9.90666666666667,15.8033333333333,1984,"Past combined","September"
NA,9,6.08666666666667,16.4833333333333,1972,"Past combined","September"
NA,9,5.41,18.3566666666667,1971,"Past combined","September"
NA,9,5.48333333333333,22.5333333333333,1959,"Past combined","September"
NA,9,6.86333333333333,22.98,2002,"Past combined","September"
NA,9,12.1966666666667,24.51,2006,"Past combined","September"
NA,9,13.1766666666667,23.2866666666667,1999,"Past combined","September"
NA,10,7.99354838709677,13.5161290322581,1982,"Past combined","October"
NA,10,5.15483870967742,9.54193548387097,1974,"Past combined","October"
NA,10,1.53548387096774,12.4129032258065,2003,"Past combined","October"
NA,10,3.5258064516129,16.7387096774194,1959,"Past combined","October"
31,10,8.75251995794039,20.3769609290406,31,"Past combined","October"
NA,10,9.93870967741935,17.9741935483871,2001,"Past combined","October"
NA,11,2.905,6.795,1958,"Past combined","November"
NA,11,-0.463333333333334,4.62333333333333,1985,"Past combined","November"
NA,11,-0.87,4.45333333333333,1993,"Past combined","November"
30,11,4.21944444444444,18.5375,30,"Past combined","November"
NA,11,6.84,12.1266666666667,1994,"Past combined","November"
NA,12,0.206451612903226,3.96451612903226,1967,"Past combined","December"
NA,12,-4.31935483870968,-0.0387096774193546,1969,"Past combined","December"
NA,12,-5.09806451612903,0.463870967741935,2010,"Past combined","December"
NA,12,-4.90645161290323,1.11290322580645,1963,"Past combined","December"
30,12,3.20295698924731,15.8951612903226,30,"Past combined","December"
21,12,4.59144903225806,14.140705483871,21,"Past combined","December"
NA,12,5.60548387096774,11.7216129032258,2015,"Past combined","December"
NA,12,5.06774193548387,8.96774193548387,1974,"Past combined","December"
NA,12,4.13870967741935,7.54838709677419,1988,"Past combined","December"
NA,1,2.50967741935484,5.72258064516129,1976,"Past combined","January"
NA,1,-2.44838709677419,1.56451612903226,1996,"Past combined","January"
NA,1,-5.98709677419355,-1.23548387096774,1987,"Past combined","January"
NA,1,-10.258064516129,-3.62258064516129,1963,"Past combined","January"
24,1,2.79032258064516,16.8131720430107,24,"Past combined","January"
5,1,8.96538709677419,22.2033629032258,5,"Past combined","January"
NA,1,4.54838709677419,8.92258064516129,1975,"Past combined","January"
NA,2,4.15357142857143,9.6,1966,"Past combined","February"
NA,2,1.65172413793103,6.47931034482759,1988,"Past combined","February"
NA,2,0.482142857142857,5.08571428571429,1971,"Past combined","February"
NA,2,-2.23571428571429,1.93214285714286,1965,"Past combined","February"
NA,2,-9.50357142857143,-1.20357142857143,1986,"Past combined","February"
NA,2,-9.90357142857143,-1.33928571428571,1963,"Past combined","February"
10,2,2.808,19.9731428571429,10,"Past combined","February"
11,2,10.1868392857143,27.6404107142857,11,"Past combined","February"
5,2,10.7171160714286,27.9245803571429,5,"Past combined","February"
NA,3,5.74838709677419,11.8129032258065,1981,"Past combined","March"
NA,3,1.80967741935484,7.01935483870968,1988,"Past combined","March"
NA,3,0.0258064516129032,6.04193548387097,1970,"Past combined","March"
NA,3,-1.63548387096774,5.52903225806452,1971,"Past combined","March"
NA,3,-2.67741935483871,5.23870967741935,1958,"Past combined","March"
NA,3,-3.30322580645161,5.4258064516129,1962,"Past combined","March"
30,3,3.73756467741935,25.3244472580645,30,"Past combined","March"
24,3,9.29489247311828,25.5697311827957,24,"Past combined","March"
4,3,9.53001612903226,25.3816774193548,4,"Past combined","March"
NA,4,7.16,14.9533333333333,1961,"Past combined","April"
NA,4,3.68,9.49333333333333,1970,"Past combined","April"
NA,4,3.26333333333333,9.57333333333333,1986,"Past combined","April"
NA,4,1.72,10.0933333333333,1973,"Past combined","April"
NA,4,1.55666666666667,11.45,1958,"Past combined","April"
NA,4,2.13666666666667,17.0233333333333,2003,"Past combined","April"
30,4,5.46430266666667,31.3735305,30,"Past combined","April"
22,4,6.03175733333333,33.0426493333333,22,"Past combined","April"
18,4,7.66805555555556,34.2055555555556,18,"Past combined","April"
NA,5,7.17096774193548,14.1354838709677,1962,"Past combined","May"
NA,5,6.68064516129032,13.5935483870968,1984,"Past combined","May"
NA,5,5.7258064516129,13.8612903225806,1987,"Past combined","May"
NA,5,4.86451612903226,14.2677419354839,1991,"Past combined","May"
NA,5,4.64193548387097,17.4451612903226,1980,"Past combined","May"
24,5,6.68780153479559,29.2232771731191,24,"Past combined","May"
NA,5,9.89354838709678,20.2709677419355,2000,"Past combined","May"
NA,5,9.58064516129032,19.3709677419355,2007,"Past combined","May"
NA,6,12.9632570762181,21.7756463025558,2009,"SSP1 2050","June"
NA,6,11.9561401537298,20.9619702939466,2066,"SSP1 2050","June"
NA,6,8.15135765338807,19.6172893806431,2079,"SSP1 2050","June"
NA,6,8.6212355331814,23.3487794537573,2008,"SSP1 2050","June"
NA,6,11.1991713073034,26.4728445507036,2037,"SSP1 2050","June"
NA,6,15.6046402668634,29.2446333930191,2076,"SSP1 2050","June"
NA,6,15.7950529439731,28.6713100729667,2091,"SSP1 2050","June"
NA,6,15.1709913421277,26.1004149505256,2035,"SSP1 2050","June"
NA,6,14.8216303921641,24.8792341609152,2039,"SSP1 2050","June"
NA,7,15.9749573387047,24.9391171665448,2056,"SSP1 2050","July"
NA,7,13.5952927174592,22.7432660122761,2088,"SSP1 2050","July"
NA,7,10.6093031910312,21.7509875482065,2048,"SSP1 2050","July"
NA,7,11.7536338186322,25.1616964051388,2037,"SSP1 2050","July"
NA,7,15.189694213452,30.9295872336153,2001,"SSP1 2050","July"
NA,7,18.4525455581192,30.6444090634585,2075,"SSP1 2050","July"
NA,7,19.0722473583925,29.2494694061896,2021,"SSP1 2050","July"
NA,8,14.9949739644886,24.209573162511,2026,"SSP1 2050","August"
NA,8,12.847089494449,21.582711728846,2025,"SSP1 2050","August"
NA,8,11.6317426891729,20.4665012894692,2085,"SSP1 2050","August"
NA,8,9.86463129809873,22.0916778571705,2091,"SSP1 2050","August"
NA,8,9.97600183192717,23.409369093451,2052,"SSP1 2050","August"
NA,8,13.3655162854269,28.1194321094032,2063,"SSP1 2050","August"
NA,8,14.4085816011828,29.2457883571164,2076,"SSP1 2050","August"
NA,8,17.5233679946207,30.8236799574258,2089,"SSP1 2050","August"
NA,8,16.6695577802875,26.7533447301313,2074,"SSP1 2050","August"
NA,9,12.6360276491313,20.6839187248391,2041,"SSP1 2050","September"
NA,9,11.0736857648395,19.0568031816606,2094,"SSP1 2050","September"
NA,9,8.57053341441107,19.013889746091,2080,"SSP1 2050","September"
NA,9,8.20235790037181,19.4291728153197,2091,"SSP1 2050","September"
NA,9,8.886934538411,21.8938681092859,2058,"SSP1 2050","September"
NA,9,10.5937547265802,24.3819475641934,2025,"SSP1 2050","September"
NA,9,13.8973833217351,28.5524365770773,2012,"SSP1 2050","September"
NA,9,13.9822960947054,23.908214859513,2028,"SSP1 2050","September"
NA,9,13.7413077412428,22.7039815977513,2061,"SSP1 2050","September"
NA,10,8.37876851419439,15.5007356354703,2009,"SSP1 2050","October"
NA,10,7.28529936770506,14.2276747959815,2068,"SSP1 2050","October"
NA,10,5.02479190794882,12.2385804908414,2053,"SSP1 2050","October"
NA,10,4.18504555859562,14.0552736963067,2046,"SSP1 2050","October"
NA,10,4.28529233073464,14.7131805620564,2093,"SSP1 2050","October"
NA,10,5.93845273718131,17.4214507589655,2064,"SSP1 2050","October"
NA,10,9.47601492330272,20.6535535055104,2063,"SSP1 2050","October"
NA,10,11.7595231547971,21.7848358722967,2098,"SSP1 2050","October"
NA,10,11.2805796322808,19.5802576556992,2100,"SSP1 2050","October"
NA,10,9.33448331038356,16.842413725188,2012,"SSP1 2050","October"
NA,11,4.34814280935948,8.95751475849947,2045,"SSP1 2050","November"
NA,11,-0.809600423875815,5.15360766838144,2074,"SSP1 2050","November"
NA,11,-0.417083024177323,6.25468990034767,2097,"SSP1 2050","November"
NA,11,0.626436780190584,8.16803375983167,2052,"SSP1 2050","November"
NA,11,2.86981838491074,10.8405931187135,2024,"SSP1 2050","November"
NA,11,4.89630423363593,12.9357659235711,2079,"SSP1 2050","November"
NA,11,7.38034761146548,15.1185521391351,2064,"SSP1 2050","November"
NA,11,8.20872334709673,15.5366847633087,2062,"SSP1 2050","November"
NA,11,6.32870852875538,11.7340808638667,2028,"SSP1 2050","November"
NA,11,6.0844332239826,11.2841316956477,2033,"SSP1 2050","November"
NA,11,6.04402125079942,11.219060226102,2021,"SSP1 2050","November"
NA,12,1.95495046335504,6.41032899401167,2085,"SSP1 2050","December"
NA,12,-0.684487509412891,4.08388516651375,2086,"SSP1 2050","December"
NA,12,-1.97606562458553,3.0242405132292,2081,"SSP1 2050","December"
NA,12,-1.22287945938544,5.46830095598105,2042,"SSP1 2050","December"
NA,12,0.105209117959394,7.68937190915972,2070,"SSP1 2050","December"
NA,12,3.39587952443916,10.7271820245939,2018,"SSP1 2050","December"
NA,12,7.66729564521145,12.708532396536,2026,"SSP1 2050","December"
NA,1,-1.37346676614776,3.02370094050936,2005,"SSP1 2050","January"
NA,1,-3.20550749283342,1.4544620155255,2066,"SSP1 2050","January"
NA,1,-6.33187534382339,-0.111269219481638,2069,"SSP1 2050","January"
NA,1,-5.45601727749832,1.27307485376324,2006,"SSP1 2050","January"
NA,1,-3.14520939029028,4.33082612828847,2081,"SSP1 2050","January"
NA,1,0.815799290430352,9.28036934106961,2072,"SSP1 2050","January"
NA,1,3.91237919112222,11.6066239633914,2022,"SSP1 2050","January"
NA,1,5.0592275610947,11.0184108862838,2015,"SSP1 2050","January"
NA,1,2.82691399801092,7.37462813523891,2004,"SSP1 2050","January"
NA,2,-2.83347896382931,2.65903541945821,2076,"SSP1 2050","February"
NA,2,-4.58407533690681,3.3566762839022,2040,"SSP1 2050","February"
NA,2,-1.38319670485577,8.08878193923551,2042,"SSP1 2050","February"
NA,2,-0.289819554484016,9.30047786647737,2011,"SSP1 2050","February"
NA,2,3.10137779966718,12.5260783356139,2062,"SSP1 2050","February"
NA,2,4.18374215969781,12.1109544320198,2079,"SSP1 2050","February"
NA,2,5.11187949872182,9.60240840208896,2068,"SSP1 2050","February"
NA,3,2.02481167106335,8.65138930654538,2035,"SSP1 2050","March"
NA,3,-0.0149642695236645,6.60780200889037,2081,"SSP1 2050","March"
NA,3,-1.6190585559045,8.47222936009023,2096,"SSP1 2050","March"
NA,3,-1.35327884515805,9.63832415610331,2055,"SSP1 2050","March"
NA,3,-0.176862777450858,14.1291728924075,2051,"SSP1 2050","March"
NA,3,3.19902202393451,15.3823779439026,2091,"SSP1 2050","March"
NA,3,3.76244430575305,15.5050254735778,2097,"SSP1 2050","March"
NA,3,5.31900679128235,15.5395007368562,2086,"SSP1 2050","March"
NA,3,6.02016318554652,15.0354805434842,2042,"SSP1 2050","March"
NA,3,5.73554135372771,13.4436200921439,2082,"SSP1 2050","March"
NA,4,6.97032883767087,16.0072239528376,2100,"SSP1 2050","April"
NA,4,4.72789875922214,13.4757160939543,2056,"SSP1 2050","April"
NA,4,2.83952147993969,13.5525521773978,2020,"SSP1 2050","April"
NA,4,1.31489417916961,13.979618974134,2022,"SSP1 2050","April"
NA,4,1.22076753560699,14.8128877603244,2066,"SSP1 2050","April"
NA,4,5.27865056132643,19.7458764467989,2046,"SSP1 2050","April"
NA,4,6.61273552301434,20.8874545461363,2051,"SSP1 2050","April"
NA,4,9.9677922680628,22.0242379506063,2039,"SSP1 2050","April"
NA,4,9.96723957925146,21.657886834073,2015,"SSP1 2050","April"
NA,5,9.75372938638206,17.7792264261797,2038,"SSP1 2050","May"
NA,5,5.97336106883583,15.6663128230103,2027,"SSP1 2050","May"
NA,5,5.59489247034056,17.8893969996416,2039,"SSP1 2050","May"
NA,5,8.79159612224185,23.1806916118146,2033,"SSP1 2050","May"
NA,5,10.0965281102173,24.1661765339693,2007,"SSP1 2050","May"
NA,5,12.248829344348,24.6747109587616,2055,"SSP1 2050","May"
NA,5,12.5822307403276,23.4704815379923,2091,"SSP1 2050","May"
NA,5,12.505310275085,21.0849690920211,2040,"SSP1 2050","May"
NA,6,13.2003954211862,21.9814751397857,2009,"SSP1 2085","June"
NA,6,12.1933451761988,21.1679470328768,2066,"SSP1 2085","June"
NA,6,8.39279831560559,19.8189454904738,2079,"SSP1 2085","June"
NA,6,8.86890951249569,23.5442489068922,2008,"SSP1 2085","June"
NA,6,11.4483473935403,26.6668312536087,2037,"SSP1 2085","June"
NA,6,15.85064742926,29.4421139413415,2076,"SSP1 2085","June"
NA,6,16.0410699312198,28.8695839797807,2091,"SSP1 2085","June"
NA,6,15.4114142242128,26.3027476604237,2035,"SSP1 2085","June"
NA,6,15.0610531192576,25.0826014544846,2039,"SSP1 2085","June"
NA,7,16.1153241992849,25.0734282260972,2056,"SSP1 2085","July"
NA,7,13.7341254028466,22.876167310224,2088,"SSP1 2085","July"
NA,7,10.7507935161352,21.8849669676228,2048,"SSP1 2085","July"
NA,7,11.9012103622949,25.2932420434234,2037,"SSP1 2085","July"
NA,7,15.3390027184944,31.0629385348458,2001,"SSP1 2085","July"
NA,7,18.5985370148457,30.7789174699041,2075,"SSP1 2085","July"
NA,7,19.2170915583835,29.3853216816541,2021,"SSP1 2085","July"
NA,8,15.029914987772,24.1582916314656,2026,"SSP1 2085","August"
NA,8,12.8808460999687,21.5321315336931,2025,"SSP1 2085","August"
NA,8,11.6655185021375,20.4132792380729,2085,"SSP1 2085","August"
NA,8,9.91510387106093,22.0225280639156,2091,"SSP1 2085","August"
NA,8,10.0331263755287,23.3345056022469,2052,"SSP1 2085","August"
NA,8,13.4284575566404,28.0399337269474,2063,"SSP1 2085","August"
NA,8,14.4695789134235,29.166686302881,2076,"SSP1 2085","August"
NA,8,17.5789822806569,30.7485578340497,2089,"SSP1 2085","August"
NA,8,16.7066263936875,26.6990371257516,2074,"SSP1 2085","August"
NA,9,12.7303219563119,20.7269603246291,2041,"SSP1 2085","September"
NA,9,11.1686366190845,19.1016054675023,2094,"SSP1 2085","September"
NA,9,8.67617269477162,19.0515324224863,2080,"SSP1 2085","September"
NA,9,8.30822375293743,19.4603753545271,2091,"SSP1 2085","September"
NA,9,8.99877493986022,21.9185317684164,2058,"SSP1 2085","September"
NA,9,10.7083740773268,24.4031857866576,2025,"SSP1 2085","September"
NA,9,14.0147377595169,28.5721406835662,2012,"SSP1 2085","September"
NA,9,14.0852536723771,23.9437960156115,2028,"SSP1 2085","September"
NA,9,13.8419115902811,22.742564772356,2061,"SSP1 2085","September"
NA,10,8.61703988821047,15.7015804416355,2009,"SSP1 2085","October"
NA,10,7.52548076911408,14.4331568423375,2068,"SSP1 2085","October"
NA,10,5.26449121391236,12.4414088006998,2053,"SSP1 2085","October"
NA,10,4.4314983960817,14.2487942763039,2046,"SSP1 2085","October"
NA,10,4.53497148439097,14.9095026869864,2093,"SSP1 2085","October"
NA,10,6.19261293468059,17.6126499466935,2064,"SSP1 2085","October"
NA,10,9.72656814717861,20.8422725374201,2063,"SSP1 2085","October"
NA,10,12.0081130498217,21.9806458498873,2098,"SSP1 2085","October"
NA,10,11.5228530237482,19.7781132324598,2100,"SSP1 2085","October"
NA,10,9.57410078501974,17.0441661531322,2012,"SSP1 2085","October"
NA,11,4.59202092300573,9.21459761393366,2045,"SSP1 2085","November"
NA,11,-0.566508804822135,5.41110630905747,2074,"SSP1 2085","November"
NA,11,-0.176901709277048,6.51189084321622,2097,"SSP1 2085","November"
NA,11,0.868469563518199,8.42285518416534,2052,"SSP1 2085","November"
NA,11,3.11546954139849,11.095284787166,2024,"SSP1 2085","November"
NA,11,5.13983065027591,13.1954134885192,2079,"SSP1 2085","November"
NA,11,7.61922737792171,15.3750176366096,2064,"SSP1 2085","November"
NA,11,8.452939010956,15.7945389935388,2062,"SSP1 2085","November"
NA,11,6.57106891521288,11.9915677263289,2028,"SSP1 2085","November"
NA,11,6.32919357862682,11.541809803852,2033,"SSP1 2085","November"
NA,11,6.28873898781012,11.4782498205883,2021,"SSP1 2085","November"
NA,12,1.99527234492768,6.4785213054593,2085,"SSP1 2085","December"
NA,12,-0.646434396697729,4.15042388056746,2086,"SSP1 2085","December"
NA,12,-1.93839331386052,3.09444784970739,2081,"SSP1 2085","December"
NA,12,-1.19194691415957,5.54256297007911,2042,"SSP1 2085","December"
NA,12,0.132337246572365,7.77163239439535,2070,"SSP1 2085","December"
NA,12,3.42173515187999,10.8030314214492,2018,"SSP1 2085","December"
NA,12,7.70318048112492,12.7755049123296,2026,"SSP1 2085","December"
NA,1,-0.868610172139967,3.52962863254774,2005,"SSP1 2085","January"
NA,1,-2.69809336347007,1.95788922424982,2066,"SSP1 2085","January"
NA,1,-5.8226807214532,0.390224709278748,2069,"SSP1 2085","January"
NA,1,-4.94818630471944,1.77582537978368,2006,"SSP1 2085","January"
NA,1,-2.62960667362775,4.83492419214682,2081,"SSP1 2085","January"
NA,1,1.32333648606401,9.78354385936444,2072,"SSP1 2085","January"
NA,1,4.42011757070783,12.1096124385118,2022,"SSP1 2085","January"
NA,1,5.56582882988226,11.5221759483221,2015,"SSP1 2085","January"
NA,1,3.33284296368089,7.87838073940939,2004,"SSP1 2085","January"
NA,2,-2.6430040056993,2.80699484203388,2076,"SSP1 2085","February"
NA,2,-4.38729547433797,3.50235045630603,2040,"SSP1 2085","February"
NA,2,-1.18723368589871,8.23074381070814,2042,"SSP1 2085","February"
NA,2,-0.083411343344307,9.43877484433066,2011,"SSP1 2085","February"
NA,2,3.30419645010767,12.6589235782268,2062,"SSP1 2085","February"
NA,2,4.37735577570888,12.2540145397528,2079,"SSP1 2085","February"
NA,2,5.29977593289911,9.75382288828686,2068,"SSP1 2085","February"
NA,3,2.23678772842132,8.94244077666676,2035,"SSP1 2085","March"
NA,3,0.197470973170025,6.90206681523729,2081,"SSP1 2085","March"
NA,3,-1.42158259119985,8.781132721773,2096,"SSP1 2085","March"
NA,3,-1.16235015332779,9.95046893826173,2055,"SSP1 2085","March"
NA,3,0.00537171899859888,14.4500056202366,2051,"SSP1 2085","March"
NA,3,3.38547697063335,15.7027875974261,2091,"SSP1 2085","March"
NA,3,3.94937178221697,15.8246917813201,2097,"SSP1 2085","March"
NA,3,5.51379469889124,15.851515805131,2086,"SSP1 2085","March"
NA,3,6.22003051191967,15.3386968178244,2042,"SSP1 2085","March"
NA,3,5.94176644274468,13.7442128942761,2082,"SSP1 2085","March"
NA,4,7.08517560032658,16.0083595694645,2100,"SSP1 2085","April"
NA,4,4.83480718352129,13.4799369352273,2056,"SSP1 2085","April"
NA,4,2.96467370577536,13.5414082916703,2020,"SSP1 2085","April"
NA,4,1.45929023213678,13.9533926336539,2022,"SSP1 2085","April"
NA,4,1.36785375910461,14.7802993098896,2066,"SSP1 2085","April"
NA,4,5.43391701202984,19.7067588364357,2046,"SSP1 2085","April"
NA,4,6.7672151937839,20.8508896297103,2051,"SSP1 2085","April"
NA,4,10.1074807924704,22.0034880206797,2039,"SSP1 2085","April"
NA,4,10.1028889287121,21.6432556553722,2015,"SSP1 2085","April"
NA,5,9.87487758181843,17.8720187488189,2038,"SSP1 2085","May"
NA,5,6.09279508531863,15.7574248969687,2027,"SSP1 2085","May"
NA,5,5.71982291868158,17.9761128265058,2039,"SSP1 2085","May"
NA,5,8.92384437183522,23.2643130526407,2033,"SSP1 2085","May"
NA,5,10.2242027641904,24.2472160276483,2007,"SSP1 2085","May"
NA,5,12.3794355844168,24.7572189883614,2055,"SSP1 2085","May"
NA,5,12.7062959559798,23.5633373392363,2091,"SSP1 2085","May"
NA,5,12.6332583850422,21.1759252312478,2040,"SSP1 2085","May"
NA,6,13.3252069199278,21.8981793623335,2009,"SSP2 2050","June"
NA,6,12.3196381429631,21.0840484864426,2066,"SSP2 2050","June"
NA,6,8.54818471493501,19.7055830871767,2079,"SSP2 2050","June"
NA,6,9.06295516932721,23.3924263561134,2008,"SSP2 2050","June"
NA,6,11.6470526427602,26.5104346926244,2037,"SSP2 2050","June"
NA,6,16.031805424552,29.305156102811,2076,"SSP2 2050","June"
NA,6,16.2143368278467,28.7381496256462,2091,"SSP2 2050","June"
NA,6,15.5609284537661,26.1940243606911,2035,"SSP2 2050","June"
NA,6,15.1980717054519,24.9864845875558,2039,"SSP2 2050","June"
NA,7,16.3204312916323,25.0988615721057,2056,"SSP2 2050","July"
NA,7,13.9427516671406,22.9007178256947,2088,"SSP2 2050","July"
NA,7,10.978815363441,21.8867234372468,2048,"SSP2 2050","July"
NA,7,12.1483835832198,25.272334151716,2037,"SSP2 2050","July"
NA,7,15.6108349747457,31.0139726466158,2001,"SSP2 2050","July"
NA,7,18.8345002654225,30.7678954639154,2075,"SSP2 2050","July"
NA,7,19.4325703201577,29.3945952438,2021,"SSP2 2050","July"
NA,8,15.3595173231088,24.3712888391819,2026,"SSP2 2050","August"
NA,8,13.2069189970698,21.7499772074172,2025,"SSP2 2050","August"
NA,8,11.9932996006889,20.6335692822275,2085,"SSP2 2050","August"
NA,8,10.2635779322892,22.219788474156,2091,"SSP2 2050","August"
NA,8,10.3905872716526,23.5236776869301,2052,"SSP2 2050","August"
NA,8,13.7926545538895,28.2189196811861,2063,"SSP2 2050","August"
NA,8,14.8397773137346,29.3443131388674,2076,"SSP2 2050","August"
NA,8,17.9363433652145,30.9394670837384,2089,"SSP2 2050","August"
NA,8,17.0442716467589,26.906502120373,2074,"SSP2 2050","August"
NA,9,13.0185355789743,20.9626867184368,2041,"SSP2 2050","September"
NA,9,11.4563331895302,19.3366433741733,2094,"SSP2 2050","September"
NA,9,8.96855008842235,19.2788864049614,2080,"SSP2 2050","September"
NA,9,8.60713889376796,19.6864563347551,2091,"SSP2 2050","September"
NA,9,9.30511280219381,22.1368310172519,2058,"SSP2 2050","September"
NA,9,11.0154528165285,24.6212845799854,2025,"SSP2 2050","September"
NA,9,14.3251982262847,28.7858528811582,2012,"SSP2 2050","September"
NA,9,14.3808662250045,24.1711120765933,2028,"SSP2 2050","September"
NA,9,14.1329056913689,22.9739524934579,2061,"SSP2 2050","September"
NA,10,8.78050182368247,15.7222212859383,2009,"SSP2 2050","October"
NA,10,7.68456370304006,14.4491663786631,2068,"SSP2 2050","October"
NA,10,5.42973671802602,12.4555868502241,2053,"SSP2 2050","October"
NA,10,4.62326899087735,14.2399536998226,2046,"SSP2 2050","October"
NA,10,4.73128741952175,14.8879615346632,2093,"SSP2 2050","October"
NA,10,6.39730578075397,17.5834708453499,2064,"SSP2 2050","October"
NA,10,9.93404556381324,20.8186845268346,2063,"SSP2 2050","October"
NA,10,12.2015276995549,21.9642211203447,2098,"SSP2 2050","October"
NA,10,11.7011127634028,19.7825704911122,2100,"SSP2 2050","October"
NA,10,9.74331616630206,17.0559659528585,2012,"SSP2 2050","October"
NA,11,4.60102772378719,9.1698076267128,2045,"SSP2 2050","November"
NA,11,-0.549765936325288,5.3586333239133,2074,"SSP2 2050","November"
NA,11,-0.15556775569525,6.45409380436596,2097,"SSP2 2050","November"
NA,11,0.900702217398621,8.35544371896819,2052,"SSP2 2050","November"
NA,11,3.14874568491234,11.0263141159582,2024,"SSP2 2050","November"
NA,11,5.17166848051632,13.1274819858333,2079,"SSP2 2050","November"
NA,11,7.64939899162505,15.3098981489285,2064,"SSP2 2050","November"
NA,11,8.48083396402603,15.7307039079019,2062,"SSP2 2050","November"
NA,11,6.58457566520294,11.9424381276498,2028,"SSP2 2050","November"
NA,11,6.34272942412968,11.4922822666283,2033,"SSP2 2050","November"
NA,11,6.30146295480588,11.4293317208111,2021,"SSP2 2050","November"
NA,12,2.0680469654513,6.51456537664415,2085,"SSP2 2050","December"
NA,12,-0.572542783524626,4.18602827431206,2086,"SSP2 2050","December"
NA,12,-1.86253636305827,3.1275202375987,2081,"SSP2 2050","December"
NA,12,-1.10782735027035,5.56682071821557,2042,"SSP2 2050","December"
NA,12,0.220671207684477,7.79098177631655,2070,"SSP2 2050","December"
NA,12,3.50873677733096,10.824968003308,2018,"SSP2 2050","December"
NA,12,7.77828492059994,12.8091551972927,2026,"SSP2 2050","December"
NA,1,-0.928503515976218,3.43677832409672,2005,"SSP2 2050","January"
NA,1,-2.75774951445831,1.86325398454943,2066,"SSP2 2050","January"
NA,1,-5.87817620129695,0.290192491123803,2069,"SSP2 2050","January"
NA,1,-4.99963245737066,1.67567025273858,2006,"SSP2 2050","January"
NA,1,-2.68153496965323,4.729160841249,2081,"SSP2 2050","January"
NA,1,1.2781313191825,9.67650425720461,2072,"SSP2 2050","January"
NA,1,4.37383390197914,12.0035601916953,2022,"SSP2 2050","January"
NA,1,5.51291851611984,11.4242791626163,2015,"SSP2 2050","January"
NA,1,3.27530303065078,7.78689016117338,2004,"SSP2 2050","January"
NA,2,-2.6894348070145,2.78793414395676,2076,"SSP2 2050","February"
NA,2,-4.44002403630028,3.48576214424708,2040,"SSP2 2050","February"
NA,2,-1.24160909841057,8.21538458767962,2042,"SSP2 2050","February"
NA,2,-0.145361172029595,9.42494666056542,2011,"SSP2 2050","February"
NA,2,3.24752525450746,12.6479990811438,2062,"SSP2 2050","February"
NA,2,4.3256588707888,12.2371520760745,2079,"SSP2 2050","February"
NA,2,5.25468380900781,9.73257091684805,2068,"SSP2 2050","February"
NA,3,2.39401365096812,9.03107105175015,2035,"SSP2 2050","March"
NA,3,0.357488040500007,6.98982840992348,2081,"SSP2 2050","March"
NA,3,-1.24801278560811,8.85480210230311,2096,"SSP2 2050","March"
NA,3,-0.984636136602621,10.0185099431933,2055,"SSP2 2050","March"
NA,3,0.192951944155096,14.5082030516597,2051,"SSP2 2050","March"
NA,3,3.5701564323278,15.7663097477762,2091,"SSP2 2050","March"
NA,3,4.13285696695227,15.88878957497,2097,"SSP2 2050","March"
NA,3,5.69047733203723,15.922839756868,2086,"SSP2 2050","March"
NA,3,6.38811101847709,15.416289490076,2042,"SSP2 2050","March"
NA,3,6.10753525326961,13.8264903549433,2082,"SSP2 2050","March"
NA,4,7.04985299645299,16.0061598312314,2100,"SSP2 2050","April"
NA,4,4.80061782985652,13.4730811053182,2056,"SSP2 2050","April"
NA,4,2.92445745994757,13.5426717967149,2020,"SSP2 2050","April"
NA,4,1.41407192360376,13.9626699124607,2022,"SSP2 2050","April"
NA,4,1.32025407830566,14.7893012030775,2066,"SSP2 2050","April"
NA,4,5.38663010562951,19.7166438722756,2046,"SSP2 2050","April"
NA,4,6.71883793944214,20.8631417200736,2051,"SSP2 2050","April"
NA,4,10.0665440294268,22.0090387679642,2039,"SSP2 2050","April"
NA,4,10.063777611954,21.6484800551706,2015,"SSP2 2050","April"
NA,5,9.93189910239795,17.8038133957297,2038,"SSP2 2050","May"
NA,5,6.16903657193591,15.6689181956892,2027,"SSP2 2050","May"
NA,5,5.81677851184396,17.8672436155513,2039,"SSP2 2050","May"
NA,5,9.03494709052265,23.1426365857107,2033,"SSP2 2050","May"
NA,5,10.3323603388982,24.126205439471,2007,"SSP2 2050","May"
NA,5,12.4691536382053,24.6560548086718,2055,"SSP2 2050","May"
NA,5,12.7947099852549,23.4652169336373,2091,"SSP2 2050","May"
NA,5,12.6909206736153,21.1086422160029,2040,"SSP2 2050","May"
NA,6,13.9539146828964,22.5553561838769,2009,"SSP2 2085","June"
NA,6,12.9527564935888,21.7403314945139,2066,"SSP2 2085","June"
NA,6,9.17660116975565,20.3650863095638,2079,"SSP2 2085","June"
NA,6,9.68189346666737,24.0622043264631,2008,"SSP2 2085","June"
NA,6,12.2663685429204,27.1801773404881,2037,"SSP2 2085","June"
NA,6,16.660600562134,29.9729654528542,2076,"SSP2 2085","June"
NA,6,16.8318566074439,29.4082824624111,2091,"SSP2 2085","June"
NA,6,16.1829552187546,26.8549764467338,2035,"SSP2 2085","June"
NA,6,15.8277876155323,25.6401919563761,2039,"SSP2 2085","June"
NA,7,17.1871757712216,26.098677072154,2056,"SSP2 2085","July"
NA,7,14.8116412376034,23.9050599302946,2088,"SSP2 2085","July"
NA,7,11.8303541071589,22.9003146980199,2048,"SSP2 2085","July"
NA,7,12.9793982996195,26.299814148818,2037,"SSP2 2085","July"
NA,7,16.4239826910125,32.0528303514381,2001,"SSP2 2085","July"
NA,7,19.6732008097725,31.7851698626706,2075,"SSP2 2085","July"
NA,7,20.2855877064045,30.3971924315313,2021,"SSP2 2085","July"
NA,8,16.3997885914777,25.5828236043312,2026,"SSP2 2085","August"
NA,8,14.250568024163,22.9586152686624,2025,"SSP2 2085","August"
NA,8,13.0376409310888,21.843986548318,2085,"SSP2 2085","August"
NA,8,11.2760571938027,23.461321792825,2091,"SSP2 2085","August"
NA,8,11.3893071867889,24.7781383877333,2052,"SSP2 2085","August"
NA,8,14.7797931613497,29.483803479617,2063,"SSP2 2085","August"
NA,8,15.8268313699965,30.6107879080061,2076,"SSP2 2085","August"
NA,8,18.9364702924532,32.1941575197294,2089,"SSP2 2085","August"
NA,8,18.0770942298166,28.1263754552865,2074,"SSP2 2085","August"
NA,9,14.023572760534,22.0200617528,2041,"SSP2 2085","September"
NA,9,12.4605960006575,20.3919193573844,2094,"SSP2 2085","September"
NA,9,9.96279547391998,20.3393275078874,2080,"SSP2 2085","September"
NA,9,9.60283648398098,20.7539838720368,2091,"SSP2 2085","September"
NA,9,10.2897114638645,23.2157858795812,2058,"SSP2 2085","September"
NA,9,11.9975901867799,25.7035874006227,2025,"SSP2 2085","September"
NA,9,15.3066233092853,29.8672206126339,2012,"SSP2 2085","September"
NA,9,15.3749893651902,25.237750032344,2028,"SSP2 2085","September"
NA,9,15.1315828056042,24.0351461719272,2061,"SSP2 2085","September"
NA,10,9.5872478935038,16.5813058623019,2009,"SSP2 2085","October"
NA,10,8.48921164650696,15.3060545103738,2068,"SSP2 2085","October"
NA,10,6.2335175405892,13.315368369217,2053,"SSP2 2085","October"
NA,10,5.41841702033687,15.1100601273205,2046,"SSP2 2085","October"
NA,10,5.51865703393284,15.7603299395637,2093,"SSP2 2085","October"
NA,10,7.18122859094923,18.4612780905314,2064,"SSP2 2085","October"
NA,10,10.7218556758142,21.6965998471552,2063,"SSP2 2085","October"
NA,10,12.9922502830592,22.8342649332457,2098,"SSP2 2085","October"
NA,10,12.5018921816107,20.6469414212283,2100,"SSP2 2085","October"
NA,10,10.5466096801868,17.9169971486625,2012,"SSP2 2085","October"
NA,11,5.45608787161873,9.99460234816528,2045,"SSP2 2085","November"
NA,11,0.309914875142553,6.17882282116695,2074,"SSP2 2085","November"
NA,11,0.706950727094902,7.27251252188341,2097,"SSP2 2085","November"
NA,11,1.76090702767878,9.17525292024082,2052,"SSP2 2085","November"
NA,11,4.00930120896785,11.8456390862921,2024,"SSP2 2085","November"
NA,11,6.03342279123576,13.9454858740848,2079,"SSP2 2085","November"
NA,11,8.51238884901792,16.1269742841504,2064,"SSP2 2085","November"
NA,11,9.34185216124845,16.5494931067215,2062,"SSP2 2085","November"
NA,11,7.44271995399893,12.7641944465382,2028,"SSP2 2085","November"
NA,11,7.19885772549352,12.3159451532755,2033,"SSP2 2085","November"
NA,11,7.15831388973024,12.252205234566,2021,"SSP2 2085","November"
NA,12,2.86005235428876,7.29785214168599,2085,"SSP2 2085","December"
NA,12,0.220993276703656,4.96969644770217,2086,"SSP2 2085","December"
NA,12,-1.06986471373468,3.91044716158489,2081,"SSP2 2085","December"
NA,12,-0.310378614245894,6.34929448372973,2042,"SSP2 2085","December"
NA,12,1.01823603751481,8.57121224823116,2070,"SSP2 2085","December"
NA,12,4.30782432297726,11.6076183756951,2018,"SSP2 2085","December"
NA,12,8.57485237107598,13.5937213529946,2026,"SSP2 2085","December"
NA,1,-0.223986247903945,4.08164555602293,2005,"SSP2 2085","January"
NA,1,-2.04981046198984,2.50455951007757,2066,"SSP2 2085","January"
NA,1,-5.15717728823376,0.918353396514521,2069,"SSP2 2085","January"
NA,1,-4.27491813034468,2.30046604196746,2006,"SSP2 2085","January"
NA,1,-1.95291420856105,5.34796843283558,2081,"SSP2 2085","January"
NA,1,2.01249273319933,10.291579953426,2072,"SSP2 2085","January"
NA,1,5.10049676768418,12.6263245607413,2022,"SSP2 2085","January"
NA,1,6.2302342418761,12.0565713878886,2015,"SSP2 2085","January"
NA,1,3.98218484791765,8.42986449243556,2004,"SSP2 2085","January"
NA,2,-1.93196179925128,3.41270613831146,2076,"SSP2 2085","February"
NA,2,-3.65337537941127,4.0845465075885,2040,"SSP2 2085","February"
NA,2,-0.438596421697325,8.79963257728692,2042,"SSP2 2085","February"
NA,2,0.663316818443864,10.0084228315416,2011,"SSP2 2085","February"
NA,2,4.05090640040256,13.2301058496971,2062,"SSP2 2085","February"
NA,2,5.11405272162152,12.8350474423447,2079,"SSP2 2085","February"
NA,2,6.0011036588144,10.3691123281302,2068,"SSP2 2085","February"
NA,3,2.89504884195391,9.47649228883302,2035,"SSP2 2085","March"
NA,3,0.851060451639636,7.4359128414525,2081,"SSP2 2085","March"
NA,3,-0.744243527530906,9.28964723766919,2096,"SSP2 2085","March"
NA,3,-0.475560093112823,10.4551731127887,2055,"SSP2 2085","March"
NA,3,0.711079290745817,14.9359552973147,2051,"SSP2 2085","March"
NA,3,4.07642282413234,16.200936104974,2091,"SSP2 2085","March"
NA,3,4.64085708699232,16.3200201931516,2097,"SSP2 2085","March"
NA,3,6.19464147698135,16.3589291698293,2086,"SSP2 2085","March"
NA,3,6.89474657411898,15.8549475061013,2042,"SSP2 2085","March"
NA,3,6.60671288572298,14.2676847582475,2082,"SSP2 2085","March"
NA,4,7.67433743065362,16.5991823820741,2100,"SSP2 2085","April"
NA,4,5.42656687520506,14.0693134638798,2056,"SSP2 2085","April"
NA,4,3.55219018685226,14.1343359269382,2020,"SSP2 2085","April"
NA,4,2.04221873488078,14.5499529245808,2022,"SSP2 2085","April"
NA,4,1.95030322351879,15.3781789418001,2066,"SSP2 2085","April"
NA,4,6.01697328010863,20.3036489964672,2046,"SSP2 2085","April"
NA,4,7.34893509068591,21.448715633293,2051,"SSP2 2085","April"
NA,4,10.6921764240218,22.5981100351052,2039,"SSP2 2085","April"
NA,4,10.6890585161636,22.2359486324386,2015,"SSP2 2085","April"
NA,5,10.59682350548,18.377233089016,2038,"SSP2 2085","May"
NA,5,6.84607696992837,16.2310765102429,2027,"SSP2 2085","May"
NA,5,6.50654524909702,18.4163972220066,2039,"SSP2 2085","May"
NA,5,9.73430857201997,23.6811392613405,2033,"SSP2 2085","May"
NA,5,11.0319025478231,24.6663282751241,2007,"SSP2 2085","May"
NA,5,13.1585912242763,25.205168175402,2055,"SSP2 2085","May"
NA,5,13.4775012460359,24.0196076616572,2091,"SSP2 2085","May"
NA,5,13.3560544178622,21.680626663873,2040,"SSP2 2085","May"
NA,6,13.3601341240387,21.9901379743565,2009,"SSP3 2050","June"
NA,6,12.3561577765375,21.1751828995535,2066,"SSP3 2050","June"
NA,6,8.57652720387444,19.804568748442,2079,"SSP3 2050","June"
NA,6,9.07834778697542,23.5045367010277,2008,"SSP3 2050","June"
NA,6,11.6615014843576,26.623564212008,2037,"SSP3 2050","June"
NA,6,16.0530316210839,29.4132124252347,2076,"SSP3 2050","June"
NA,6,16.2334329007897,28.8457823231942,2091,"SSP3 2050","June"
NA,6,15.58615941836,26.2950585510924,2035,"SSP3 2050","June"
NA,6,15.2319318460491,25.0789836829958,2039,"SSP3 2050","June"
NA,7,16.4331852367424,25.324455869606,2056,"SSP3 2050","July"
NA,7,14.0558474821664,23.1288197984838,2088,"SSP3 2050","July"
NA,7,11.0773521869137,22.1258633946787,2048,"SSP3 2050","July"
NA,7,12.2314674982259,25.5238201676631,2037,"SSP3 2050","July"
NA,7,15.6783174044447,31.2780356157381,2001,"SSP3 2050","July"
NA,7,18.9250700619729,31.0107195506382,2075,"SSP3 2050","July"
NA,7,19.5350620253688,29.6253293971056,2021,"SSP3 2050","July"
NA,8,15.5764527095174,24.7088358761586,2026,"SSP3 2050","August"
NA,8,13.4270250113652,22.0849064779286,2025,"SSP3 2050","August"
NA,8,12.2141273938343,20.9698498721771,2085,"SSP3 2050","August"
NA,8,10.461674998847,22.5778500240489,2091,"SSP3 2050","August"
NA,8,10.580019475884,23.8903915486386,2052,"SSP3 2050","August"
NA,8,13.972704760982,28.5935974418601,2063,"SSP3 2050","August"
NA,8,15.0207506579488,29.7199615045685,2076,"SSP3 2050","August"
NA,8,18.1265534497535,31.3064450108939,2089,"SSP3 2050","August"
NA,8,17.2566725170282,27.2496287934341,2074,"SSP3 2050","August"
NA,9,13.2421720835111,21.250156168199,2041,"SSP3 2050","September"
NA,9,11.6797923538363,19.6233344728295,2094,"SSP3 2050","September"
NA,9,9.1823163136774,19.574021688407,2080,"SSP3 2050","September"
NA,9,8.81783226968008,19.9868636809939,2091,"SSP3 2050","September"
NA,9,9.50658804024587,22.4467562881313,2058,"SSP3 2050","September"
NA,9,11.2147453874676,24.9336214605522,2025,"SSP3 2050","September"
NA,9,14.5203550158252,29.1019002556137,2012,"SSP3 2050","September"
NA,9,14.5951522196638,24.4675061773468,2028,"SSP3 2050","September"
NA,9,14.3521449028343,23.2651638802364,2061,"SSP3 2050","September"
NA,10,8.96111195141655,15.9430388581623,2009,"SSP3 2050","October"
NA,10,7.86294276277,14.6690196006124,2068,"SSP3 2050","October"
NA,10,5.60740616845128,12.6776871631473,2053,"SSP3 2050","October"
NA,10,4.79338243522902,14.4708527520492,2046,"SSP3 2050","October"
NA,10,4.89423295255855,15.1233784529608,2093,"SSP3 2050","October"
NA,10,6.55512555599338,17.8240330108457,2064,"SSP3 2050","October"
NA,10,10.0968920783162,21.0571901865835,2063,"SSP3 2050","October"
NA,10,12.3688123353989,22.1960855763658,2098,"SSP3 2050","October"
NA,10,11.8766355799482,20.007984729557,2100,"SSP3 2050","October"
NA,10,9.92102479627933,17.2785914146643,2012,"SSP3 2050","October"
NA,11,4.82591014912441,9.28964149745191,2045,"SSP3 2050","November"
NA,11,-0.31001768870964,5.46378767973876,2074,"SSP3 2050","November"
NA,11,0.0925099182838083,6.5522524595243,2097,"SSP3 2050","November"
NA,11,1.14742352459324,8.45551083618042,2052,"SSP3 2050","November"
NA,11,3.39582799818206,11.1242588413668,2024,"SSP3 2050","November"
NA,11,5.42288504727258,13.2198725946206,2079,"SSP3 2050","November"
NA,11,7.90524586553054,15.4016055631911,2064,"SSP3 2050","November"
NA,11,8.72739972910222,15.8282980073489,2062,"SSP3 2050","November"
NA,11,6.81943354554691,12.0528567088152,2028,"SSP3 2050","November"
NA,11,6.57090175007468,11.6080851592759,2033,"SSP3 2050","November"
NA,11,6.53142282397785,11.5426126513635,2021,"SSP3 2050","November"
NA,12,2.43982061020539,6.81642281477631,2085,"SSP3 2050","December"
NA,12,-0.19958085517705,4.48504344274387,2086,"SSP3 2050","December"
NA,12,-1.48722354679048,3.42557528455148,2081,"SSP3 2050","December"
NA,12,-0.72283768115069,5.84935183931681,2042,"SSP3 2050","December"
NA,12,0.609935296435935,8.07113117870095,2070,"SSP3 2050","December"
NA,12,3.89686710316315,11.1027150460313,2018,"SSP3 2050","December"
NA,12,8.15205708691074,13.1018103714929,2026,"SSP3 2050","December"
NA,1,-0.490241437183945,3.77630262060316,2005,"SSP3 2050","January"
NA,1,-2.31385353480587,2.19920858430268,2066,"SSP3 2050","January"
NA,1,-5.4149048740048,0.608492727774894,2069,"SSP3 2050","January"
NA,1,-4.53355112142243,1.98591003953491,2006,"SSP3 2050","January"
NA,1,-2.20485813405001,5.03342830948291,2081,"SSP3 2050","January"
NA,1,1.76053136086699,9.97124490672691,2072,"SSP3 2050","January"
NA,1,4.84759104005931,12.3070610294498,2022,"SSP3 2050","January"
NA,1,5.96841646147577,11.7441105746956,2015,"SSP3 2050","January"
NA,1,3.71366391765821,8.12171360053796,2004,"SSP3 2050","January"
NA,2,-2.14583098742651,3.14528440353953,2076,"SSP3 2050","February"
NA,2,-3.85617594393912,3.80788692051083,2040,"SSP3 2050","February"
NA,2,-0.636496948311539,8.51916383890656,2042,"SSP3 2050","February"
NA,2,0.469996336052493,9.72616470271078,2011,"SSP3 2050","February"
NA,2,3.85523964233144,12.9463879483197,2062,"SSP3 2050","February"
NA,2,4.91130298623499,12.5588717665661,2079,"SSP3 2050","February"
NA,2,5.78346039749638,10.1058766806671,2068,"SSP3 2050","February"
NA,3,2.51259164322586,9.07330649571762,2035,"SSP3 2050","March"
NA,3,0.462517108046852,7.02799274726274,2081,"SSP3 2050","March"
NA,3,-1.12763656297706,8.87245020777569,2096,"SSP3 2050","March"
NA,3,-0.850848431605195,10.0427719727167,2055,"SSP3 2050","March"
NA,3,0.343679865712957,14.5160740712578,2051,"SSP3 2050","March"
NA,3,3.70070691170544,15.7844435698298,2091,"SSP3 2050","March"
NA,3,4.26058401861924,15.9022162002996,2097,"SSP3 2050","March"
NA,3,5.81425954935209,15.9449717108673,2086,"SSP3 2050","March"
NA,3,6.51422991360286,15.4464476388271,2042,"SSP3 2050","March"
NA,3,6.2213807003116,13.8590829231636,2082,"SSP3 2050","March"
NA,4,7.20054309982044,16.0609549590326,2100,"SSP3 2050","April"
NA,4,4.94961252657819,13.5325869422005,2056,"SSP3 2050","April"
NA,4,3.08465133818779,13.5891807068357,2020,"SSP3 2050","April"
NA,4,1.58213297728672,13.9987584344852,2022,"SSP3 2050","April"
NA,4,1.49401553281991,14.8219395539468,2066,"SSP3 2050","April"
NA,4,5.56295971594881,19.7456973582291,2046,"SSP3 2050","April"
NA,4,6.89633772098897,20.8899464945911,2051,"SSP3 2050","April"
NA,4,10.2306259121246,22.0486401846961,2039,"SSP3 2050","April"
NA,4,10.2255729922746,21.6891149417379,2015,"SSP3 2050","April"
NA,5,10.0552725989267,17.8818996045261,2038,"SSP3 2050","May"
NA,5,6.29653495332151,15.7441816633165,2027,"SSP3 2050","May"
NA,5,5.94959175181646,17.9367704595505,2039,"SSP3 2050","May"
NA,5,9.17250097995729,23.2058012698995,2033,"SSP3 2050","May"
NA,5,10.4716847417484,24.1903445438344,2007,"SSP3 2050","May"
NA,5,12.6056069505951,24.7213783910501,2055,"SSP3 2050","May"
NA,5,12.9234417258042,23.5368557605779,2091,"SSP3 2050","May"
NA,5,12.8156685389733,21.1834457219424,2040,"SSP3 2050","May"
NA,6,14.7431563050144,23.4815638476909,2009,"SSP3 2085","June"
NA,6,13.7418387586334,22.6705952459122,2066,"SSP3 2085","June"
NA,6,9.94607968927528,21.3133243969984,2079,"SSP3 2085","June"
NA,6,10.4260421751,25.0366504433686,2008,"SSP3 2085","June"
NA,6,13.00673215101,28.1587843341437,2037,"SSP3 2085","June"
NA,6,17.4164289777597,30.9441606781851,2076,"SSP3 2085","June"
NA,6,17.5925127454282,30.3685161828638,2091,"SSP3 2085","June"
NA,6,16.9530614819366,27.7970214477365,2035,"SSP3 2085","June"
NA,6,16.6053843370097,26.5752556568596,2039,"SSP3 2085","June"
NA,7,18.1142660582308,27.164874792994,2056,"SSP3 2085","July"
NA,7,15.7378615910233,24.9743794542201,2088,"SSP3 2085","July"
NA,7,12.7401726122328,23.9828655646136,2048,"SSP3 2085","July"
NA,7,13.8679211442092,27.3994313821551,2037,"SSP3 2085","July"
NA,7,17.2977638057291,33.1631055029897,2001,"SSP3 2085","July"
NA,7,20.5718505348606,32.8730683752951,2075,"SSP3 2085","July"
NA,7,21.1996061698589,31.4694951822219,2021,"SSP3 2085","July"
NA,8,17.4573453445368,26.8794230836743,2026,"SSP3 2085","August"
NA,8,15.3111320705823,24.2514633130486,2025,"SSP3 2085","August"
NA,8,14.097227996377,23.1393436113729,2085,"SSP3 2085","August"
NA,8,12.290302079314,24.8036178368907,2091,"SSP3 2085","August"
NA,8,12.3859489564858,26.133124450112,2052,"SSP3 2085","August"
NA,8,15.7599152587119,30.8575179088496,2063,"SSP3 2085","August"
NA,8,16.8070379711607,31.9813091083143,2076,"SSP3 2085","August"
NA,8,19.9359183444351,33.5495047823117,2089,"SSP3 2085","August"
NA,8,19.1231360231978,29.433005892658,2074,"SSP3 2085","August"
NA,9,14.9340491879053,23.0302489397517,2041,"SSP3 2085","September"
NA,9,13.3676822579747,21.4002796101891,2094,"SSP3 2085","September"
NA,9,10.8535489813719,21.3606514699267,2080,"SSP3 2085","September"
NA,9,10.4899238126973,21.7849793501961,2091,"SSP3 2085","September"
NA,9,11.1620656057877,24.2649237206172,2058,"SSP3 2085","September"
NA,9,12.864903172277,26.758414408295,2025,"SSP3 2085","September"
NA,9,16.1674538386541,30.9273292214295,2012,"SSP3 2085","September"
NA,9,16.2687642114359,26.2634517980836,2028,"SSP3 2085","September"
NA,9,16.0318649605385,25.0537061497108,2061,"SSP3 2085","September"
NA,10,10.5399789253759,17.5306381851585,2009,"SSP3 2085","October"
NA,10,9.4433570557197,16.2551077170781,2068,"SSP3 2085","October"
NA,10,7.18812631377318,14.2634282247501,2053,"SSP3 2085","October"
NA,10,6.37019064039435,16.0605046179356,2046,"SSP3 2085","October"
NA,10,6.47043047857563,16.7125144594856,2093,"SSP3 2085","October"
NA,10,8.12944309566698,19.4162119865221,2064,"SSP3 2085","October"
NA,10,11.6724927866591,22.6480543959381,2063,"SSP3 2085","October"
NA,10,13.9458464127689,23.7843590905788,2098,"SSP3 2085","October"
NA,10,13.4562649752392,21.5948146327039,2100,"SSP3 2085","October"
NA,10,11.5009292294912,18.8651440349667,2012,"SSP3 2085","October"
NA,11,6.41141062646077,10.8535693986945,2045,"SSP3 2085","November"
NA,11,1.27823249427484,7.02456332353327,2074,"SSP3 2085","November"
NA,11,1.68160176145799,8.10883252840499,2097,"SSP3 2085","November"
NA,11,2.73540738225838,10.0124909751123,2052,"SSP3 2085","November"
NA,11,4.98696694342183,12.681876986695,2024,"SSP3 2085","November"
NA,11,7.01665098638392,14.7779363731932,2079,"SSP3 2085","November"
NA,11,9.4947743206127,16.9553980123634,2064,"SSP3 2085","November"
NA,11,10.319848887638,17.3864808962762,2062,"SSP3 2085","November"
NA,11,8.40638509644967,13.6141238932309,2028,"SSP3 2085","November"
NA,11,8.15822392323667,13.1717949247014,2033,"SSP3 2085","November"
NA,11,8.1194345671917,13.1072257280633,2021,"SSP3 2085","November"
NA,12,3.74274512217754,8.0953276555574,2085,"SSP3 2085","December"
NA,12,1.1045219179154,5.76293349420965,2086,"SSP3 2085","December"
NA,12,-0.183268744964988,4.70347101483545,2081,"SSP3 2085","December"
NA,12,0.587971859955766,7.12600024756943,2042,"SSP3 2085","December"
NA,12,1.92304456861717,9.34515518475493,2070,"SSP3 2085","December"
NA,12,5.2092955669349,12.3780973989094,2018,"SSP3 2085","December"
NA,12,9.45929810900616,14.3822548807722,2026,"SSP3 2085","December"
NA,1,0.977565805335636,5.21864125907514,2005,"SSP3 2085","January"
NA,1,-0.846307687305732,3.6408441451092,2066,"SSP3 2085","January"
NA,1,-3.94373344158278,2.04559375351606,2069,"SSP3 2085","January"
NA,1,-3.05848793945821,3.42159302699108,2006,"SSP3 2085","January"
NA,1,-0.728121913720657,6.46952883245164,2081,"SSP3 2085","January"
NA,1,3.23807389966625,11.4041214672494,2072,"SSP3 2085","January"
NA,1,6.32430704184533,13.7407155138423,2022,"SSP3 2085","January"
NA,1,7.43979384936898,13.183845423366,2015,"SSP3 2085","January"
NA,1,5.18272623658277,9.56444262301119,2004,"SSP3 2085","January"
NA,2,-0.950009149125489,4.36100283376001,2076,"SSP3 2085","February"
NA,2,-2.6616779577383,5.03021227528006,2040,"SSP3 2085","February"
NA,2,0.557435675011951,9.74007016931038,2042,"SSP3 2085","February"
NA,2,1.66619007753914,10.9533644391773,2011,"SSP3 2085","February"
NA,2,5.04542036281049,14.1680909578217,2062,"SSP3 2085","February"
NA,2,6.1036455502702,13.7797397712657,2079,"SSP3 2085","February"
NA,2,6.98045030622578,11.321594429322,2068,"SSP3 2085","February"
NA,3,3.64198821813033,10.1547482276394,2035,"SSP3 2085","March"
NA,3,1.5913586327602,8.10746426530475,2081,"SSP3 2085","March"
NA,3,0.0131614045259912,9.93885111834054,2096,"SSP3 2085","March"
NA,3,0.295243730499069,11.1069738031461,2055,"SSP3 2085","March"
NA,3,1.50141982258336,15.5687369329071,2051,"SSP3 2085","March"
NA,3,4.85332295545379,16.8412817473742,2091,"SSP3 2085","March"
NA,3,5.40816868844325,16.962509846889,2097,"SSP3 2085","March"
NA,3,6.95732569300446,17.0107891585572,2086,"SSP3 2085","March"
NA,3,7.65283776713197,16.5177802024936,2042,"SSP3 2085","March"
NA,3,7.35369599964116,14.9357598962803,2082,"SSP3 2085","March"
NA,4,8.27725262124441,17.0878570264398,2100,"SSP3 2085","April"
NA,4,6.02624715668062,14.5587103730705,2056,"SSP3 2085","April"
NA,4,4.16551193369872,14.6115796960377,2020,"SSP3 2085","April"
NA,4,2.66879453770873,15.0161054295213,2022,"SSP3 2085","April"
NA,4,2.58304060257518,15.8362607583766,2066,"SSP3 2085","April"
NA,4,6.65397668173306,20.7583219435624,2046,"SSP3 2085","April"
NA,4,7.9874163256895,21.9028298209559,2051,"SSP3 2085","April"
NA,4,11.3157760113268,23.0676397880579,2039,"SSP3 2085","April"
NA,4,11.3103510009284,22.7088722917907,2015,"SSP3 2085","April"
NA,5,11.1359358361576,19.0213680581594,2038,"SSP3 2085","May"
NA,5,7.36252107190571,16.8932052740824,2027,"SSP3 2085","May"
NA,5,7.00787375081225,19.0951503514213,2039,"SSP3 2085","May"
NA,5,10.2282478133971,24.3731297076734,2033,"SSP3 2085","May"
NA,5,11.520984546406,25.3533201508607,2007,"SSP3 2085","May"
NA,5,13.6680300723696,25.8778335106467,2055,"SSP3 2085","May"
NA,5,13.988310836797,24.6943247271551,2091,"SSP3 2085","May"
NA,5,13.8999358045077,22.3269325511077,2040,"SSP3 2085","May"
NA,6,13.6869628618178,22.3695630884274,2009,"SSP5 2050","June"
NA,6,12.683823076794,21.5579685014306,2066,"SSP5 2050","June"
NA,6,8.89508551448142,20.1947000893115,2079,"SSP5 2050","June"
NA,6,9.38405046498479,23.9084718276357,2008,"SSP5 2050","June"
NA,6,11.9703291168878,27.0247808874943,2037,"SSP5 2050","June"
NA,6,16.3669803320817,29.8181372707581,2076,"SSP5 2050","June"
NA,6,16.5497354009109,29.2398156150221,2091,"SSP5 2050","June"
NA,6,15.9081574169312,26.6758020237977,2035,"SSP5 2050","June"
NA,6,15.5509682020076,25.4632286955423,2039,"SSP5 2050","June"
NA,7,16.8911819762789,26.0176405956901,2056,"SSP5 2050","July"
NA,7,14.5124707522373,23.8273790821076,2088,"SSP5 2050","July"
NA,7,11.5083252064437,22.8452401099778,2048,"SSP5 2050","July"
NA,7,12.6320603313563,26.2697013792391,2037,"SSP5 2050","July"
NA,7,16.0498726131698,32.0491386609816,2001,"SSP5 2050","July"
NA,7,19.3385811733574,31.742203761804,2075,"SSP5 2050","July"
NA,7,19.9769353980918,30.3282395586224,2021,"SSP5 2050","July"
NA,8,16.1329403380815,25.4022467013426,2026,"SSP5 2050","August"
NA,8,13.9884723013592,22.7700393569663,2025,"SSP5 2050","August"
NA,8,12.7712006808605,21.65410115135,2085,"SSP5 2050","August"
NA,8,10.994603184401,23.2925532411436,2091,"SSP5 2050","August"
NA,8,11.0973368532486,24.6124367239497,2052,"SSP5 2050","August"
NA,8,14.4838788645098,29.3308686014046,2063,"SSP5 2050","August"
NA,8,15.5170090510699,30.4597163617609,2076,"SSP5 2050","August"
NA,8,18.6502114194196,32.0235544325906,2089,"SSP5 2050","August"
NA,8,17.8009643390141,27.9488153491426,2074,"SSP5 2050","August"
NA,9,13.5307410686431,21.5216194223468,2041,"SSP5 2050","September"
NA,9,11.9633745616847,19.8928728682686,2094,"SSP5 2050","September"
NA,9,9.46503022764182,19.8388689204425,2080,"SSP5 2050","September"
NA,9,9.1069406477153,20.2551919761487,2091,"SSP5 2050","September"
NA,9,9.79346320345514,22.7212643257094,2058,"SSP5 2050","September"
NA,9,11.5000674099367,25.2107375806029,2025,"SSP5 2050","September"
NA,9,14.8092897148519,29.3734474417542,2012,"SSP5 2050","September"
NA,9,14.8783475811199,24.7424023968762,2028,"SSP5 2050","September"
NA,9,14.6355218216368,23.5388388356351,2061,"SSP5 2050","September"
NA,10,9.17260581054826,16.1289463659916,2009,"SSP5 2050","October"
NA,10,8.07503642227019,14.8544241005433,2068,"SSP5 2050","October"
NA,10,5.82081523494524,12.8617255808907,2053,"SSP5 2050","October"
NA,10,5.01205074377287,14.649596460457,2046,"SSP5 2050","October"
NA,10,5.11537806990888,15.2998667577612,2093,"SSP5 2050","October"
NA,10,6.78093417298636,17.9957173155876,2064,"SSP5 2050","October"
NA,10,10.3214159182762,21.2300696041582,2063,"SSP5 2050","October"
NA,10,12.5882571345634,22.3742474732425,2098,"SSP5 2050","October"
NA,10,12.0921007756844,20.1899335524461,2100,"SSP5 2050","October"
NA,10,10.1335996959872,17.4634472462857,2012,"SSP5 2050","October"
NA,11,4.98601227427057,9.52086697660386,2045,"SSP5 2050","November"
NA,11,-0.160791832152403,5.70587527536659,2074,"SSP5 2050","November"
NA,11,0.23569715010449,6.80010529606907,2097,"SSP5 2050","November"
NA,11,1.29222104648379,8.70188351090538,2052,"SSP5 2050","November"
NA,11,3.54213990291235,11.3692509369067,2024,"SSP5 2050","November"
NA,11,5.56402607142801,13.4701434490725,2079,"SSP5 2050","November"
NA,11,8.04381958708179,15.6541438249561,2064,"SSP5 2050","November"
NA,11,8.87167643120787,16.0753911822857,2062,"SSP5 2050","November"
NA,11,6.97251920460034,12.2910561047198,2028,"SSP5 2050","November"
NA,11,6.72806629571762,11.8423045210606,2033,"SSP5 2050","November"
NA,11,6.68737902562826,11.778096181383,2021,"SSP5 2050","November"
NA,12,2.59171294034533,6.99215041780678,2085,"SSP5 2050","December"
NA,12,-0.0474329849192147,4.66249230292936,2086,"SSP5 2050","December"
NA,12,-1.33740042548752,3.60368979298464,2081,"SSP5 2050","December"
NA,12,-0.578698828083715,6.03691501514773,2042,"SSP5 2050","December"
NA,12,0.750685109940354,8.25990954099696,2070,"SSP5 2050","December"
NA,12,4.03926538649523,11.293860881613,2018,"SSP5 2050","December"
NA,12,8.30456597234344,13.2822337572541,2026,"SSP5 2050","December"
NA,1,-0.562107582146011,3.82978795777733,2005,"SSP5 2050","January"
NA,1,-2.39696115785971,2.2612097603991,2066,"SSP5 2050","January"
NA,1,-5.52844884740395,0.698706878624796,2069,"SSP5 2050","January"
NA,1,-4.64977199566171,2.08572493406518,2006,"SSP5 2050","January"
NA,1,-2.33948849222476,5.1427440337517,2081,"SSP5 2050","January"
NA,1,1.62108485554736,10.0931766785181,2072,"SSP5 2050","January"
NA,1,4.72240089712987,12.4145786369148,2022,"SSP5 2050","January"
NA,1,5.86805337721969,11.8294237178901,2015,"SSP5 2050","January"
NA,1,3.63924840315064,8.18406693538364,2004,"SSP5 2050","January"
NA,2,-2.26660119758893,3.18255025494738,2076,"SSP5 2050","February"
NA,2,-4.00930500273704,3.87509037704597,2040,"SSP5 2050","February"
NA,2,-0.803906352416202,8.59972192105395,2042,"SSP5 2050","February"
NA,2,0.295270426368106,9.81029513259135,2011,"SSP5 2050","February"
NA,2,3.68368467113506,13.0324384460359,2062,"SSP5 2050","February"
NA,2,4.75856032529526,12.6255017580223,2079,"SSP5 2050","February"
NA,2,5.6752895493425,10.1300003881308,2068,"SSP5 2050","February"
NA,3,2.6013680080601,9.23070059124418,2035,"SSP5 2050","March"
NA,3,0.561066321613836,7.18641653194685,2081,"SSP5 2050","March"
NA,3,-1.0423660376227,9.04820866225172,2096,"SSP5 2050","March"
NA,3,-0.773924390770069,10.2140414018348,2055,"SSP5 2050","March"
NA,3,0.409455822023204,14.6980876141422,2051,"SSP5 2050","March"
NA,3,3.77916635506426,15.9587656549125,2091,"SSP5 2050","March"
NA,3,4.33941069975849,16.0819495891438,2097,"SSP5 2050","March"
NA,3,5.89611362219541,16.1179994622671,2086,"SSP5 2050","March"
NA,3,6.59661946060698,15.6135622692566,2042,"SSP5 2050","March"
NA,3,6.31153508137244,14.0234110091593,2082,"SSP5 2050","March"
NA,4,7.40760781912767,16.2952299905313,2100,"SSP5 2050","April"
NA,4,5.1578761001279,13.7659296149875,2056,"SSP5 2050","April"
NA,4,3.29035597624492,13.8249330131893,2020,"SSP5 2050","April"
NA,4,1.78663295661984,14.2354550376882,2022,"SSP5 2050","April"
NA,4,1.6977721928252,15.0596118751848,2066,"SSP5 2050","April"
NA,4,5.76511611475568,19.9848702987257,2046,"SSP5 2050","April"
NA,4,7.09951302433562,21.1279851611962,2051,"SSP5 2050","April"
NA,4,10.4359985435677,22.2844106063491,2039,"SSP5 2050","April"
NA,4,10.430250951385,21.9254272017175,2015,"SSP5 2050","April"
NA,5,10.2002452356379,18.1451708445498,2038,"SSP5 2050","May"
NA,5,6.42767163108139,16.0199827953117,2027,"SSP5 2050","May"
NA,5,6.05949577908137,18.2342217673471,2039,"SSP5 2050","May"
NA,5,9.27361080087677,23.5137012996765,2033,"SSP5 2050","May"
NA,5,10.5721890665815,24.4960950422621,2007,"SSP5 2050","May"
NA,5,12.7181927091753,25.0167137182418,2055,"SSP5 2050","May"
NA,5,13.0443230966375,23.8238772184665,2091,"SSP5 2050","May"
NA,5,12.9610051516957,21.4483589694776,2040,"SSP5 2050","May"
NA,6,15.7729788552403,25.2189384937018,2009,"SSP5 2085","June"
NA,6,14.8815750499563,24.5013692937598,2066,"SSP5 2085","June"
NA,6,11.5117513725274,23.4187194589732,2079,"SSP5 2085","June"
NA,6,11.8196121949145,26.7652811059106,2008,"SSP5 2085","June"
NA,6,14.0920342225964,29.5186061713523,2037,"SSP5 2085","June"
NA,6,18.0925864869382,32.0306922524547,2076,"SSP5 2085","June"
NA,6,18.2275022335698,31.4663101511607,2091,"SSP5 2085","June"
NA,6,17.6908703516843,29.1158101674172,2035,"SSP5 2085","June"
NA,6,17.4049705629803,27.9928283057426,2039,"SSP5 2085","June"
NA,7,19.3944409671839,29.0836683042833,2056,"SSP5 2085","July"
NA,7,17.2957642645644,27.1739134572545,2088,"SSP5 2085","July"
NA,7,14.6126731546543,26.3905330915549,2048,"SSP5 2085","July"
NA,7,15.5567419400666,29.431968555473,2037,"SSP5 2085","July"
NA,7,18.5156976872394,34.5760388143002,2001,"SSP5 2085","July"
NA,7,21.5180896184275,34.2558949774064,2075,"SSP5 2085","July"
NA,7,22.098125081042,32.9592712550525,2021,"SSP5 2085","July"
NA,8,18.9713908044424,28.921973905785,2026,"SSP5 2085","August"
NA,8,17.0751926536448,26.5624339610349,2025,"SSP5 2085","August"
NA,8,16.0242588108391,25.6160055759362,2085,"SSP5 2085","August"
NA,8,14.3541524236903,27.1517657867505,2091,"SSP5 2085","August"
NA,8,14.3906547067227,28.3138061485543,2052,"SSP5 2085","August"
NA,8,17.3522137246115,32.5167638648277,2063,"SSP5 2085","August"
NA,8,18.292705559587,33.5350635974037,2076,"SSP5 2085","August"
NA,8,21.1320012741079,34.9379032832124,2089,"SSP5 2085","August"
NA,8,20.4261083996803,31.188890704904,2074,"SSP5 2085","August"
NA,9,16.1090766682697,24.7087828843914,2041,"SSP5 2085","September"
NA,9,14.7166532504824,23.25093912916,2094,"SSP5 2085","September"
NA,9,12.4453815962886,23.2778235299731,2080,"SSP5 2085","September"
NA,9,12.1446522301196,23.6918043545646,2091,"SSP5 2085","September"
NA,9,12.6926848313225,25.9008433593805,2058,"SSP5 2085","September"
NA,9,14.1762032814692,28.1174931667045,2025,"SSP5 2085","September"
NA,9,17.1399867199449,31.8981274901026,2012,"SSP5 2085","September"
NA,9,17.2721813270682,27.6338515604759,2028,"SSP5 2085","September"
NA,9,17.061914196965,26.5321293811037,2061,"SSP5 2085","September"
NA,10,11.6542189522327,18.9178096143385,2009,"SSP5 2085","October"
NA,10,10.6472492888656,17.7631486928701,2068,"SSP5 2085","October"
NA,10,8.65488554741766,16.0083147485909,2053,"SSP5 2085","October"
NA,10,7.91961687944701,17.61941399882,2046,"SSP5 2085","October"
NA,10,7.97677952021159,18.1871043972624,2093,"SSP5 2085","October"
NA,10,9.44270457359425,20.6096477020618,2064,"SSP5 2085","October"
NA,10,12.6350033767772,23.5010957642198,2063,"SSP5 2085","October"
NA,10,14.6580132082301,24.500354137036,2098,"SSP5 2085","October"
NA,10,14.220131570077,22.5261999832503,2100,"SSP5 2085","October"
NA,10,12.4860948578089,20.0838761010445,2012,"SSP5 2085","October"
NA,11,7.22812101575921,11.8299224961492,2045,"SSP5 2085","November"
NA,11,2.66442825292188,8.40383513197689,2074,"SSP5 2085","November"
NA,11,3.03492989416254,9.3540629388818,2097,"SSP5 2085","November"
NA,11,3.97885941920082,11.0798983744838,2052,"SSP5 2085","November"
NA,11,6.00996045036549,13.4676872181031,2024,"SSP5 2085","November"
NA,11,7.79598002849152,15.3123804746005,2079,"SSP5 2085","November"
NA,11,9.9711961281605,17.2283028344194,2064,"SSP5 2085","November"
NA,11,10.6833368789359,17.6086044191463,2062,"SSP5 2085","November"
NA,11,9.00408438950587,14.2671822936528,2028,"SSP5 2085","November"
NA,11,8.78459566064727,13.851909019694,2021,"SSP5 2085","November"
NA,12,4.6710993636426,9.06166501368562,2085,"SSP5 2085","December"
NA,12,2.34430633633499,7.00216980808456,2086,"SSP5 2085","December"
NA,12,1.20358294777575,6.05355713021095,2081,"SSP5 2085","December"
NA,12,1.89284808383066,8.19093090609824,2042,"SSP5 2085","December"
NA,12,3.10094062080805,10.1742577955135,2070,"SSP5 2085","December"
NA,12,5.9969882488016,12.8390209522685,2018,"SSP5 2085","December"
NA,12,9.69151137802511,14.5870799736098,2026,"SSP5 2085","December"
NA,1,1.72799805201153,6.15256809381127,2005,"SSP5 2085","January"
NA,1,0.0950612503018488,4.72513896917088,2066,"SSP5 2085","January"
NA,1,-2.73515725277897,3.26662518493768,2069,"SSP5 2085","January"
NA,1,-1.92517563267614,4.50351127139439,2006,"SSP5 2085","January"
NA,1,0.195194526444509,7.26763012028639,2081,"SSP5 2085","January"
NA,1,3.72110901252477,11.6511378998029,2072,"SSP5 2085","January"
NA,1,6.42622252821426,13.6915607543452,2022,"SSP5 2085","January"
NA,1,7.47920765190062,13.2428680207151,2015,"SSP5 2085","January"
NA,1,5.46292959992574,10.0248230929529,2004,"SSP5 2085","January"
NA,2,0.0499731669047506,5.5464975068176,2076,"SSP5 2085","February"
NA,2,-1.52267542503663,6.1295658727948,2040,"SSP5 2085","February"
NA,2,1.39464270103681,10.4015513666863,2042,"SSP5 2085","February"
NA,2,2.36437362211541,11.4555014843426,2011,"SSP5 2085","February"
NA,2,5.3802267639127,14.3160924851471,2062,"SSP5 2085","February"
NA,2,6.28579752161395,13.943897914506,2079,"SSP5 2085","February"
NA,2,7.08463786292991,11.735639381045,2068,"SSP5 2085","February"
NA,3,4.39432893752372,11.3176921202102,2035,"SSP5 2085","March"
NA,3,2.55129968331767,9.5177513884627,2081,"SSP5 2085","March"
NA,3,1.08827206908413,11.1707012346089,2096,"SSP5 2085","March"
NA,3,2.39969973559702,16.2337674912151,2051,"SSP5 2085","March"
NA,3,5.37987571783472,17.3138106269927,2091,"SSP5 2085","March"
NA,3,5.90786630517448,17.4292248381042,2097,"SSP5 2085","March"
NA,3,7.27034473986453,17.4354370350153,2086,"SSP5 2085","March"
NA,3,7.91536327121373,16.97315191292,2042,"SSP5 2085","March"
NA,3,7.66087649251508,15.5684198025816,2082,"SSP5 2085","March"
NA,4,8.72312648239984,17.9519801093234,2100,"SSP5 2085","April"
NA,4,6.74185704393385,15.7191030887041,2056,"SSP5 2085","April"
NA,4,5.08642712351497,15.7921357669433,2020,"SSP5 2085","April"
NA,4,3.75709138328502,16.1700323322731,2022,"SSP5 2085","April"
NA,4,3.64196681099761,16.8890996302419,2066,"SSP5 2085","April"
NA,4,7.28281522622814,21.2934451716232,2046,"SSP5 2085","April"
NA,4,8.4664999695073,22.2902864119977,2051,"SSP5 2085","April"
NA,4,11.429628446025,23.3168802910058,2039,"SSP5 2085","April"
NA,4,11.4160684703902,23.0060361136788,2015,"SSP5 2085","April"
NA,5,11.8126486331903,20.2169710768403,2038,"SSP5 2085","May"
NA,5,8.47859071907229,18.3866471661771,2027,"SSP5 2085","May"
NA,5,8.10146019860094,20.3622706208277,2039,"SSP5 2085","May"
NA,5,10.9463990307282,25.0735085456428,2033,"SSP5 2085","May"
NA,5,12.1003643468752,25.9315067125449,2007,"SSP5 2085","May"
NA,5,14.0286393154093,26.4016491956215,2055,"SSP5 2085","May"
NA,5,14.3472830796842,25.3392250663178,2091,"SSP5 2085","May"
NA,5,14.266552081881,23.1736598575422,2040,"SSP5 2085","May"
