{"prefix": {"roocs": "urn:roocs:", "provone": "http://purl.dataone.org/provone/2015/01/15/ontology#", "dcterms": "http://purl.org/dc/terms/"}, "agent": {"roocs:C3S_CDS": {"prov:type": {"$": "prov:Organization", "type": "prov:QUALIFIED_NAME"}, "prov:label": "Copernicus Climate Data Store", "dcterms:source": "https://cds.climate.copernicus.eu"}, "roocs:rook_v0.13.0": {"prov:type": {"$": "prov:SoftwareAgent", "type": "prov:QUALIFIED_NAME"}, "prov:label": "Rook", "dcterms:source": "https://github.com/roocs/rook/releases/tag/v0.13.0"}, "roocs:daops_v0.11.0": {"prov:type": {"$": "prov:SoftwareAgent", "type": "prov:QUALIFIED_NAME"}, "prov:label": "DAOPS", "dcterms:source": "https://github.com/roocs/daops/releases/tag/v0.11.0"}}, "wasAttributedTo": {"_:id1": {"prov:entity": "roocs:rook_v0.13.0", "prov:agent": "roocs:C3S_CDS"}}, "entity": {"roocs:workflow_38cf5abe-b77c-46ac-9947-3996b57bbd0e": {"prov:type": {"$": "provone:Workflow", "type": "prov:QUALIFIED_NAME"}}, "roocs:c3s-cmip6.CMIP.NOAA-GFDL.GFDL-ESM4.historical.r1i1p1f1.Amon.tasmax.gr1.v20190726": {"prov:type": {"$": "provone:Data", "type": "prov:QUALIFIED_NAME"}, "prov:label": "c3s-cmip6.CMIP.NOAA-GFDL.GFDL-ESM4.historical.r1i1p1f1.Amon.tasmax.gr1.v20190726"}, "roocs:tasmax_Amon_GFDL-ESM4_historical_r1i1p1f1_gr1_19860116-20141216.nc": {"prov:type": {"$": "provone:Data", "type": "prov:QUALIFIED_NAME"}, "prov:label": "tasmax_Amon_GFDL-ESM4_historical_r1i1p1f1_gr1_19860116-20141216.nc"}}, "activity": {"roocs:orchestrate_38cf5abe-b77c-46ac-9947-3996b57bbd0e": {"prov:type": {"$": "provone:Execution", "type": "prov:QUALIFIED_NAME"}, "prov:label": "orchestrate", "prov:startTime": "2024-11-17T20:37:18", "prov:endTime": "2024-11-17T20:37:19"}, "roocs:subset_tasmax_1_a28774c3-72df-4ed0-a254-016758e994e1": {"prov:type": {"$": "provone:Execution", "type": "prov:QUALIFIED_NAME"}, "prov:label": "subset_tasmax_1", "roocs:time": "1986/2014", "roocs:time_components": "year:1986,1987,1988,1989,1990,1991,1992,1993,1994,1995,1996,1997,1998,1999,2000,2001,2002,2003,2004,2005,2006,2007,2008,2009,2010,2011,2012,2013,2014", "roocs:area": "6,50,8,52", "roocs:apply_fixes": false}}, "wasAssociatedWith": {"_:id2": {"prov:activity": "roocs:orchestrate_38cf5abe-b77c-46ac-9947-3996b57bbd0e", "prov:agent": "roocs:rook_v0.13.0", "prov:plan": "roocs:workflow_38cf5abe-b77c-46ac-9947-3996b57bbd0e"}, "_:id3": {"prov:activity": "roocs:subset_tasmax_1_a28774c3-72df-4ed0-a254-016758e994e1", "prov:agent": "roocs:daops_v0.11.0", "prov:plan": "roocs:workflow_38cf5abe-b77c-46ac-9947-3996b57bbd0e"}}, "wasDerivedFrom": {"_:id4": {"prov:generatedEntity": "roocs:tasmax_Amon_GFDL-ESM4_historical_r1i1p1f1_gr1_19860116-20141216.nc", "prov:usedEntity": "roocs:c3s-cmip6.CMIP.NOAA-GFDL.GFDL-ESM4.historical.r1i1p1f1.Amon.tasmax.gr1.v20190726", "prov:activity": "roocs:subset_tasmax_1_a28774c3-72df-4ed0-a254-016758e994e1"}}}